upload_id,user_id,item_id,datetime
1,1,15,2025-03-04 05:45:47
2,1,3,2025-03-09 12:25:12
3,1,21,2025-03-09 07:05:52
4,1,26,2025-03-08 20:45:15
5,1,18,2025-03-01 20:47:51
6,1,5,2025-03-08 09:25:21
7,1,14,2025-03-08 16:57:03
8,1,37,2025-03-03 01:50:52
9,1,21,2025-03-07 11:34:47
10,1,14,2025-03-09 20:22:25
11,1,42,2025-03-03 23:18:23
12,1,32,2025-03-02 23:35:40
13,1,26,2025-03-06 14:38:35
14,1,42,2025-03-05 14:31:28
15,1,30,2025-03-04 06:37:41
16,1,10,2025-03-08 18:24:49
17,1,17,2025-03-09 08:26:31
18,1,9,2025-03-07 18:13:25
19,1,16,2025-03-03 15:58:04
20,1,36,2025-03-09 07:24:31
21,1,35,2025-03-04 22:27:16
22,1,17,2025-03-10 07:47:16
23,1,38,2025-03-10 10:01:35
24,1,28,2025-03-01 16:17:36
25,1,58,2025-03-08 18:41:38
26,1,55,2025-03-05 03:05:00
27,1,69,2025-03-02 08:29:31
28,1,56,2025-03-04 13:29:18
29,1,80,2025-03-06 06:38:05
30,1,79,2025-03-02 22:04:01
31,1,46,2025-03-06 12:09:24
32,1,66,2025-03-01 00:56:43
33,1,77,2025-03-09 18:19:29
34,1,47,2025-03-09 17:37:20
35,1,53,2025-03-04 04:43:04
36,1,69,2025-03-07 01:48:23
37,1,65,2025-03-10 05:56:16
38,1,61,2025-03-03 04:02:11
39,1,49,2025-03-07 03:52:23
40,1,61,2025-03-02 06:59:40
41,1,51,2025-03-08 14:07:55
42,1,51,2025-03-04 14:55:43
43,1,77,2025-03-08 18:06:28
44,1,50,2025-03-07 03:52:04
45,1,80,2025-03-08 09:22:32
46,2,27,2025-03-08 15:49:20
47,2,13,2025-03-01 17:08:54
48,2,7,2025-03-03 18:41:03
49,2,7,2025-03-01 19:37:55
50,2,43,2025-03-01 09:08:59
51,2,28,2025-03-05 00:14:40
52,2,23,2025-03-01 20:38:20
53,2,28,2025-03-07 05:45:32
54,2,27,2025-03-03 21:19:26
55,2,30,2025-03-04 09:06:45
56,2,4,2025-03-09 02:51:15
57,2,44,2025-03-06 21:23:14
58,2,42,2025-03-03 14:24:04
59,2,42,2025-03-07 13:03:48
60,2,7,2025-03-02 14:32:20
61,2,4,2025-03-09 18:41:31
62,2,26,2025-03-07 22:19:43
63,2,22,2025-03-07 23:50:02
64,2,7,2025-03-06 17:40:32
65,2,16,2025-03-03 22:46:42
66,2,13,2025-03-10 12:32:14
67,2,13,2025-03-06 17:45:49
68,2,80,2025-03-05 17:43:07
69,2,49,2025-03-04 05:14:46
70,2,66,2025-03-10 12:22:38
71,2,49,2025-03-10 12:41:08
72,2,49,2025-03-06 12:31:51
73,2,76,2025-03-04 11:05:06
74,2,78,2025-03-06 03:12:36
75,2,79,2025-03-09 10:53:50
76,2,56,2025-03-09 20:46:31
77,2,49,2025-03-10 12:10:15
78,2,78,2025-03-07 17:52:46
79,2,51,2025-03-09 00:47:03
80,2,57,2025-03-09 17:15:06
81,2,50,2025-03-06 21:45:12
82,2,50,2025-03-02 21:05:17
83,2,61,2025-03-03 07:18:43
84,2,71,2025-03-04 14:25:21
85,2,53,2025-03-03 15:24:36
86,2,61,2025-03-01 17:02:05
87,2,48,2025-03-08 00:41:55
88,3,3,2025-03-10 21:59:56
89,3,1,2025-03-07 17:32:23
90,3,22,2025-03-04 15:12:02
91,3,9,2025-03-09 01:13:34
92,3,41,2025-03-02 06:10:19
93,3,17,2025-03-02 15:06:55
94,3,11,2025-03-04 05:01:53
95,3,29,2025-03-02 09:37:16
96,3,36,2025-03-02 07:10:36
97,3,28,2025-03-10 00:14:41
98,3,36,2025-03-07 17:08:18
99,3,1,2025-03-02 21:16:39
100,3,8,2025-03-04 07:19:38
101,3,5,2025-03-04 10:04:03
102,3,45,2025-03-08 08:10:11
103,3,10,2025-03-03 13:21:02
104,3,35,2025-03-09 17:01:11
105,3,3,2025-03-05 03:52:17
106,3,24,2025-03-03 11:18:08
107,3,38,2025-03-09 08:14:53
108,3,36,2025-03-08 16:44:07
109,3,10,2025-03-04 04:53:28
110,3,28,2025-03-07 03:12:40
111,3,9,2025-03-06 22:17:43
112,3,3,2025-03-04 01:08:40
113,3,20,2025-03-01 14:47:47
114,3,24,2025-03-02 02:53:02
115,3,3,2025-03-08 16:44:56
116,3,23,2025-03-06 03:22:32
117,3,14,2025-03-04 08:35:21
118,3,68,2025-03-03 18:17:32
119,3,66,2025-03-03 16:55:53
120,3,73,2025-03-01 06:53:34
121,3,78,2025-03-09 00:14:55
122,3,53,2025-03-03 08:15:12
123,3,70,2025-03-05 20:03:42
124,3,58,2025-03-04 23:36:48
125,3,62,2025-03-04 09:08:57
126,3,48,2025-03-01 20:13:13
127,3,73,2025-03-10 09:14:52
128,3,46,2025-03-04 09:18:04
129,3,79,2025-03-05 06:16:44
130,3,80,2025-03-08 18:50:43
131,3,58,2025-03-07 04:22:31
132,3,69,2025-03-05 20:24:54
133,3,73,2025-03-09 05:55:27
134,3,50,2025-03-07 12:11:03
135,3,67,2025-03-05 00:27:16
136,3,66,2025-03-01 08:02:22
137,3,53,2025-03-02 09:35:45
138,3,65,2025-03-04 04:05:04
139,3,78,2025-03-03 04:00:42
140,3,65,2025-03-08 01:06:33
141,3,72,2025-03-04 05:19:22
142,3,66,2025-03-01 11:08:36
143,3,71,2025-03-02 07:34:29
144,3,64,2025-03-08 05:45:51
145,3,54,2025-03-06 06:34:34
146,4,30,2025-03-06 18:23:37
147,4,4,2025-03-08 10:02:48
148,4,36,2025-03-10 07:50:20
149,4,16,2025-03-01 21:12:46
150,4,8,2025-03-06 12:38:59
151,4,30,2025-03-06 00:42:53
152,4,9,2025-03-08 15:25:57
153,4,30,2025-03-07 23:40:35
154,4,43,2025-03-03 08:38:01
155,4,34,2025-03-09 17:14:01
156,4,36,2025-03-09 10:49:41
157,4,39,2025-03-05 15:50:31
158,4,21,2025-03-06 23:59:53
159,4,29,2025-03-05 20:24:27
160,4,40,2025-03-03 23:03:57
161,4,33,2025-03-02 18:59:00
162,4,28,2025-03-08 23:05:27
163,4,36,2025-03-09 08:17:05
164,4,29,2025-03-01 01:36:55
165,4,11,2025-03-10 02:44:04
166,4,31,2025-03-10 08:17:32
167,4,29,2025-03-02 07:02:45
168,4,17,2025-03-10 10:43:53
169,4,16,2025-03-06 03:49:59
170,4,41,2025-03-03 15:44:32
171,4,18,2025-03-03 03:13:51
172,4,34,2025-03-10 18:12:51
173,4,32,2025-03-09 10:41:57
174,4,41,2025-03-07 06:51:59
175,4,63,2025-03-10 06:59:45
176,4,73,2025-03-07 23:40:56
177,4,77,2025-03-05 14:47:39
178,4,47,2025-03-06 18:55:50
179,4,70,2025-03-01 01:43:03
180,4,67,2025-03-05 06:27:26
181,4,71,2025-03-04 14:58:39
182,4,56,2025-03-10 03:27:56
183,4,75,2025-03-05 17:35:31
184,4,54,2025-03-06 02:02:56
185,4,80,2025-03-07 12:46:06
186,4,47,2025-03-10 01:43:47
187,4,71,2025-03-09 21:58:40
188,4,47,2025-03-07 15:04:22
189,4,51,2025-03-10 16:58:43
190,4,73,2025-03-08 07:42:37
191,4,54,2025-03-03 16:14:12
192,4,75,2025-03-06 22:12:26
193,4,57,2025-03-03 15:54:41
194,5,11,2025-03-02 20:23:05
195,5,20,2025-03-03 21:28:53
196,5,7,2025-03-02 12:45:53
197,5,38,2025-03-06 17:56:05
198,5,2,2025-03-09 02:59:39
199,5,20,2025-03-02 09:19:07
200,5,37,2025-03-07 20:16:05
201,5,44,2025-03-03 15:29:13
202,5,25,2025-03-06 15:27:04
203,5,26,2025-03-09 11:44:03
204,5,13,2025-03-04 02:38:11
205,5,5,2025-03-10 07:22:31
206,5,38,2025-03-05 11:26:55
207,5,45,2025-03-03 00:52:20
208,5,41,2025-03-08 08:28:45
209,5,16,2025-03-08 08:52:26
210,5,7,2025-03-10 01:50:57
211,5,45,2025-03-09 17:14:13
212,5,20,2025-03-02 09:21:37
213,5,44,2025-03-10 10:32:54
214,5,47,2025-03-01 08:21:35
215,5,51,2025-03-06 23:58:38
216,5,64,2025-03-04 22:40:03
217,5,60,2025-03-03 04:57:53
218,5,71,2025-03-06 22:00:34
219,5,61,2025-03-03 13:47:04
220,5,65,2025-03-05 07:21:01
221,5,69,2025-03-10 16:23:08
222,5,76,2025-03-04 03:15:03
223,5,79,2025-03-05 03:07:52
224,5,68,2025-03-04 09:27:24
225,5,73,2025-03-08 05:38:34
226,5,67,2025-03-09 12:14:05
227,5,68,2025-03-04 08:28:09
228,5,75,2025-03-07 17:53:10
229,5,63,2025-03-01 02:57:25
230,5,65,2025-03-07 06:28:43
231,5,62,2025-03-03 07:38:58
232,5,60,2025-03-02 00:56:12
233,5,53,2025-03-03 22:18:01
234,5,58,2025-03-09 17:44:14
235,5,66,2025-03-05 22:22:51
236,5,53,2025-03-06 22:18:32
237,5,80,2025-03-07 17:42:25
238,5,57,2025-03-10 04:49:54
239,5,58,2025-03-03 21:59:58
240,5,59,2025-03-09 09:09:17
241,5,76,2025-03-06 18:40:20
242,5,63,2025-03-08 20:07:59
243,5,79,2025-03-09 15:20:21
244,5,64,2025-03-06 22:57:44
245,5,52,2025-03-06 10:32:26
246,5,58,2025-03-10 14:57:31
247,6,16,2025-03-06 19:08:56
248,6,8,2025-03-02 09:13:50
249,6,36,2025-03-10 23:27:31
250,6,27,2025-03-01 19:01:58
251,6,39,2025-03-05 20:42:53
252,6,39,2025-03-06 23:13:54
253,6,40,2025-03-01 21:34:41
254,6,15,2025-03-08 00:04:11
255,6,34,2025-03-08 15:20:22
256,6,25,2025-03-09 07:56:37
257,6,29,2025-03-01 15:36:54
258,6,29,2025-03-02 20:11:38
259,6,20,2025-03-02 19:27:26
260,6,38,2025-03-10 20:15:45
261,6,28,2025-03-07 19:56:21
262,6,20,2025-03-04 16:29:55
263,6,37,2025-03-02 00:48:39
264,6,65,2025-03-03 09:37:09
265,6,71,2025-03-06 03:49:51
266,6,63,2025-03-02 09:25:52
267,6,78,2025-03-07 14:36:56
268,6,80,2025-03-03 17:28:50
269,6,77,2025-03-08 20:38:15
270,6,74,2025-03-02 19:23:47
271,6,51,2025-03-04 05:22:16
272,6,48,2025-03-02 17:25:46
273,6,73,2025-03-01 20:47:59
274,6,66,2025-03-01 17:22:16
275,6,62,2025-03-03 00:19:43
276,6,47,2025-03-10 14:52:12
277,6,51,2025-03-04 17:35:55
278,6,60,2025-03-08 05:19:09
279,6,47,2025-03-10 02:09:00
280,6,63,2025-03-07 21:47:37
281,6,48,2025-03-04 12:03:51
282,6,57,2025-03-06 07:54:46
283,6,76,2025-03-02 12:13:15
284,6,79,2025-03-06 16:31:06
285,6,74,2025-03-09 08:35:32
286,7,18,2025-03-07 15:58:19
287,7,27,2025-03-02 14:09:38
288,7,31,2025-03-04 11:53:41
289,7,31,2025-03-06 07:36:39
290,7,16,2025-03-09 11:22:49
291,7,30,2025-03-06 21:10:58
292,7,36,2025-03-02 11:22:05
293,7,10,2025-03-01 08:24:32
294,7,25,2025-03-08 15:30:27
295,7,13,2025-03-08 09:20:49
296,7,39,2025-03-10 16:49:02
297,7,33,2025-03-03 21:42:02
298,7,9,2025-03-09 14:44:22
299,7,5,2025-03-02 22:07:52
300,7,18,2025-03-04 18:30:46
301,7,27,2025-03-07 16:26:37
302,7,22,2025-03-01 03:58:59
303,7,33,2025-03-07 16:51:18
304,7,18,2025-03-05 22:50:10
305,7,1,2025-03-02 03:08:57
306,7,19,2025-03-03 17:26:56
307,7,20,2025-03-02 09:02:53
308,7,38,2025-03-06 14:24:24
309,7,38,2025-03-02 10:12:53
310,7,43,2025-03-08 20:39:33
311,7,32,2025-03-02 20:50:51
312,7,10,2025-03-07 01:09:45
313,7,29,2025-03-09 16:43:34
314,7,35,2025-03-04 13:00:40
315,7,31,2025-03-07 04:13:11
316,7,23,2025-03-09 13:27:58
317,7,64,2025-03-08 22:43:08
318,7,60,2025-03-02 20:57:40
319,7,51,2025-03-01 21:47:44
320,7,73,2025-03-06 16:44:57
321,7,52,2025-03-10 11:38:09
322,7,52,2025-03-04 05:11:37
323,7,74,2025-03-05 02:36:48
324,7,56,2025-03-08 13:32:15
325,7,65,2025-03-09 09:45:54
326,7,47,2025-03-05 19:46:32
327,7,48,2025-03-08 21:16:44
328,7,66,2025-03-01 23:23:37
329,7,49,2025-03-04 23:42:06
330,7,64,2025-03-09 04:25:16
331,7,68,2025-03-07 11:25:44
332,7,69,2025-03-05 14:41:09
333,7,73,2025-03-04 20:14:04
334,7,55,2025-03-08 14:34:07
335,7,61,2025-03-09 17:20:30
336,7,79,2025-03-10 05:11:31
337,7,72,2025-03-06 22:07:31
338,7,57,2025-03-07 13:34:57
339,7,56,2025-03-01 10:27:23
340,7,57,2025-03-08 11:50:54
341,7,51,2025-03-01 19:55:45
342,7,70,2025-03-03 20:22:55
343,7,61,2025-03-08 15:50:21
344,8,9,2025-03-01 02:21:32
345,8,41,2025-03-07 20:50:20
346,8,7,2025-03-09 07:45:13
347,8,41,2025-03-10 10:41:59
348,8,42,2025-03-10 00:54:02
349,8,3,2025-03-01 14:17:07
350,8,20,2025-03-08 08:37:44
351,8,29,2025-03-10 01:02:50
352,8,3,2025-03-07 00:40:57
353,8,38,2025-03-04 11:21:37
354,8,24,2025-03-10 09:57:04
355,8,9,2025-03-10 16:41:06
356,8,6,2025-03-03 19:01:37
357,8,19,2025-03-08 08:49:14
358,8,21,2025-03-10 17:34:47
359,8,27,2025-03-05 06:37:16
360,8,12,2025-03-03 15:47:23
361,8,13,2025-03-08 17:25:43
362,8,9,2025-03-03 07:22:48
363,8,35,2025-03-08 12:50:52
364,8,24,2025-03-04 01:00:02
365,8,34,2025-03-09 05:24:48
366,8,33,2025-03-10 04:04:41
367,8,18,2025-03-09 17:59:09
368,8,11,2025-03-10 07:32:32
369,8,17,2025-03-09 00:00:02
370,8,31,2025-03-09 06:18:49
371,8,55,2025-03-08 20:38:33
372,8,72,2025-03-01 18:24:48
373,8,52,2025-03-08 17:04:30
374,8,77,2025-03-10 23:57:55
375,8,72,2025-03-06 15:13:40
376,8,63,2025-03-09 12:12:13
377,8,48,2025-03-04 16:01:10
378,8,69,2025-03-08 21:06:17
379,8,59,2025-03-05 22:55:30
380,8,74,2025-03-02 09:59:04
381,8,74,2025-03-02 16:42:47
382,8,61,2025-03-01 13:12:30
383,8,69,2025-03-01 10:50:20
384,8,52,2025-03-04 16:39:10
385,8,69,2025-03-06 23:29:15
386,8,80,2025-03-02 09:49:22
387,8,68,2025-03-02 04:18:34
388,8,49,2025-03-03 20:23:26
389,8,71,2025-03-07 12:34:19
390,8,63,2025-03-02 15:30:55
391,8,58,2025-03-05 17:12:05
392,8,53,2025-03-06 12:08:00
393,8,75,2025-03-05 12:03:54
394,8,51,2025-03-09 03:17:36
395,8,59,2025-03-10 00:27:19
396,8,47,2025-03-09 10:51:57
397,8,49,2025-03-07 13:20:33
398,8,67,2025-03-06 02:04:47
399,9,4,2025-03-03 02:49:34
400,9,9,2025-03-02 08:01:07
401,9,27,2025-03-09 00:32:50
402,9,34,2025-03-01 07:30:33
403,9,8,2025-03-02 14:23:26
404,9,5,2025-03-01 04:19:43
405,9,31,2025-03-05 08:20:45
406,9,29,2025-03-10 14:05:59
407,9,24,2025-03-10 13:38:51
408,9,33,2025-03-03 21:18:10
409,9,38,2025-03-08 03:30:58
410,9,7,2025-03-04 22:18:19
411,9,29,2025-03-01 04:35:48
412,9,33,2025-03-03 02:45:11
413,9,15,2025-03-04 05:17:39
414,9,62,2025-03-02 04:53:17
415,9,69,2025-03-10 15:00:22
416,9,55,2025-03-09 12:24:30
417,9,76,2025-03-02 09:19:32
418,9,50,2025-03-08 22:41:57
419,9,51,2025-03-08 21:35:36
420,9,51,2025-03-10 07:58:36
421,9,51,2025-03-07 16:35:17
422,9,73,2025-03-09 17:57:36
423,9,52,2025-03-03 14:37:49
424,9,69,2025-03-06 05:16:02
425,9,54,2025-03-06 11:31:30
426,9,49,2025-03-03 18:33:13
427,9,67,2025-03-06 00:31:55
428,9,53,2025-03-05 02:43:16
429,9,72,2025-03-06 12:05:29
430,9,68,2025-03-05 20:08:19
431,9,73,2025-03-06 01:09:57
432,9,49,2025-03-09 20:30:55
433,9,64,2025-03-02 03:41:45
434,9,65,2025-03-04 19:02:11
435,9,68,2025-03-06 04:18:15
436,9,52,2025-03-04 19:01:45
437,9,78,2025-03-09 01:43:37
438,10,10,2025-03-05 20:44:13
439,10,11,2025-03-01 20:16:06
440,10,40,2025-03-02 17:19:27
441,10,4,2025-03-09 23:49:23
442,10,44,2025-03-08 16:25:29
443,10,6,2025-03-01 08:55:47
444,10,18,2025-03-02 02:43:35
445,10,29,2025-03-10 01:19:15
446,10,43,2025-03-07 10:30:52
447,10,28,2025-03-03 14:39:44
448,10,32,2025-03-05 13:34:29
449,10,39,2025-03-06 02:17:07
450,10,29,2025-03-06 12:08:03
451,10,27,2025-03-05 03:17:36
452,10,18,2025-03-02 21:50:56
453,10,14,2025-03-05 11:47:09
454,10,33,2025-03-04 18:46:16
455,10,8,2025-03-09 18:10:49
456,10,23,2025-03-04 22:29:01
457,10,28,2025-03-10 10:16:12
458,10,8,2025-03-07 21:19:25
459,10,19,2025-03-08 05:39:46
460,10,44,2025-03-02 00:44:44
461,10,44,2025-03-01 15:19:25
462,10,71,2025-03-04 19:11:08
463,10,79,2025-03-07 23:42:08
464,10,51,2025-03-06 05:02:18
465,10,71,2025-03-07 23:00:54
466,10,65,2025-03-05 21:47:49
467,10,67,2025-03-09 14:39:24
468,10,60,2025-03-08 18:27:18
469,10,67,2025-03-06 01:39:44
470,10,56,2025-03-04 12:19:39
471,10,50,2025-03-02 09:32:49
472,10,78,2025-03-05 21:58:28
473,10,53,2025-03-01 06:04:30
474,10,79,2025-03-04 22:35:45
475,10,78,2025-03-03 02:03:43
476,10,58,2025-03-10 17:24:08
477,10,68,2025-03-08 12:02:32
478,10,68,2025-03-06 14:00:47
479,10,55,2025-03-09 08:51:49
480,10,61,2025-03-05 09:23:51
481,10,52,2025-03-02 01:40:11
482,10,55,2025-03-06 07:12:06
483,10,62,2025-03-02 06:50:06
484,10,58,2025-03-03 22:52:16
485,10,57,2025-03-06 06:54:00
486,11,6,2025-03-02 02:18:03
487,11,33,2025-03-08 11:08:04
488,11,42,2025-03-08 05:02:18
489,11,12,2025-03-07 03:41:40
490,11,3,2025-03-05 15:59:20
491,11,16,2025-03-06 14:46:29
492,11,29,2025-03-08 01:02:00
493,11,29,2025-03-07 17:27:23
494,11,34,2025-03-10 14:38:02
495,11,34,2025-03-09 23:13:35
496,11,40,2025-03-01 11:56:56
497,11,11,2025-03-06 10:59:40
498,11,24,2025-03-10 19:52:34
499,11,24,2025-03-07 22:30:26
500,11,19,2025-03-08 21:51:42
501,11,25,2025-03-03 06:49:44
502,11,27,2025-03-04 21:39:06
503,11,22,2025-03-08 08:13:15
504,11,44,2025-03-06 18:32:14
505,11,39,2025-03-07 02:02:02
506,11,4,2025-03-02 19:56:30
507,11,41,2025-03-01 18:01:20
508,11,42,2025-03-06 11:13:28
509,11,22,2025-03-02 06:08:50
510,11,5,2025-03-10 20:12:41
511,11,22,2025-03-05 04:02:01
512,12,16,2025-03-02 16:04:08
513,12,29,2025-03-02 21:07:52
514,12,40,2025-03-01 22:28:34
515,12,19,2025-03-04 14:09:21
516,12,29,2025-03-10 13:33:24
517,12,15,2025-03-02 05:27:34
518,12,35,2025-03-07 03:52:32
519,12,16,2025-03-10 08:32:01
520,12,20,2025-03-07 13:13:11
521,12,31,2025-03-09 23:08:45
522,12,13,2025-03-07 09:21:49
523,12,24,2025-03-01 10:59:42
524,12,44,2025-03-09 00:48:04
525,12,37,2025-03-05 02:05:24
526,12,29,2025-03-10 07:12:12
527,12,30,2025-03-08 12:00:53
528,12,19,2025-03-02 14:10:15
529,12,25,2025-03-08 05:57:39
530,12,33,2025-03-05 13:43:40
531,12,34,2025-03-02 20:55:46
532,12,27,2025-03-02 23:15:29
533,12,11,2025-03-03 04:40:31
534,12,13,2025-03-09 09:48:22
535,12,39,2025-03-10 08:35:55
536,12,9,2025-03-08 13:58:08
537,12,17,2025-03-10 19:39:04
538,12,4,2025-03-03 00:13:01
539,12,42,2025-03-09 18:03:36
540,12,31,2025-03-06 07:28:54
541,12,24,2025-03-01 12:43:35
542,12,36,2025-03-05 23:40:17
543,12,7,2025-03-05 10:06:36
544,12,34,2025-03-09 05:00:18
545,13,19,2025-03-04 11:33:35
546,13,16,2025-03-06 17:36:45
547,13,20,2025-03-09 10:44:45
548,13,8,2025-03-02 16:25:35
549,13,4,2025-03-10 05:01:43
550,13,16,2025-03-09 13:30:09
551,13,27,2025-03-06 16:38:18
552,13,41,2025-03-06 10:39:53
553,13,40,2025-03-08 11:14:00
554,13,30,2025-03-01 01:31:47
555,13,5,2025-03-01 23:04:35
556,13,8,2025-03-01 05:32:08
557,13,32,2025-03-04 02:32:36
558,13,39,2025-03-03 14:48:51
559,13,35,2025-03-02 19:33:03
560,13,2,2025-03-07 15:51:03
561,13,41,2025-03-09 19:49:21
562,13,33,2025-03-08 09:20:58
563,13,37,2025-03-07 09:43:29
564,13,16,2025-03-06 03:16:55
565,13,10,2025-03-02 08:23:08
566,13,19,2025-03-10 10:04:36
567,14,21,2025-03-07 15:02:17
568,14,20,2025-03-05 02:36:33
569,14,33,2025-03-10 20:57:06
570,14,26,2025-03-08 19:13:41
571,14,35,2025-03-03 02:59:55
572,14,31,2025-03-10 10:56:31
573,14,17,2025-03-09 07:25:42
574,14,3,2025-03-06 15:19:53
575,14,42,2025-03-09 10:32:49
576,14,13,2025-03-06 19:22:57
577,14,19,2025-03-08 16:00:24
578,14,23,2025-03-03 05:05:33
579,14,4,2025-03-10 20:21:57
580,14,42,2025-03-02 15:16:44
581,14,22,2025-03-01 18:22:46
582,14,18,2025-03-09 16:33:48
583,14,8,2025-03-10 10:04:55
584,14,24,2025-03-06 13:18:32
585,14,28,2025-03-01 10:46:21
586,14,26,2025-03-04 13:28:17
587,14,29,2025-03-03 10:43:04
588,14,25,2025-03-01 12:45:35
589,14,22,2025-03-10 14:25:39
590,14,12,2025-03-03 10:06:00
591,14,32,2025-03-01 12:12:22
592,15,37,2025-03-09 03:29:48
593,15,3,2025-03-08 17:41:21
594,15,39,2025-03-05 22:19:03
595,15,10,2025-03-05 09:49:20
596,15,44,2025-03-07 05:26:50
597,15,29,2025-03-10 17:20:11
598,15,24,2025-03-10 02:25:26
599,15,24,2025-03-09 05:53:34
600,15,29,2025-03-02 22:35:59
601,15,5,2025-03-01 09:04:14
602,15,37,2025-03-02 17:35:16
603,15,9,2025-03-08 08:58:07
604,15,34,2025-03-09 05:30:28
605,15,24,2025-03-10 11:34:25
606,15,26,2025-03-06 07:37:38
607,15,21,2025-03-01 10:08:10
608,15,42,2025-03-02 12:46:02
609,15,18,2025-03-01 19:35:00
610,15,16,2025-03-03 20:44:20
611,15,8,2025-03-10 10:45:33
612,15,2,2025-03-08 19:55:03
613,15,12,2025-03-05 10:42:04
614,15,32,2025-03-05 09:29:03
615,15,34,2025-03-05 15:30:52
616,16,21,2025-03-02 16:27:03
617,16,42,2025-03-03 20:57:16
618,16,5,2025-03-10 14:12:47
619,16,29,2025-03-06 23:53:40
620,16,30,2025-03-01 07:39:21
621,16,44,2025-03-05 09:07:08
622,16,34,2025-03-07 17:22:14
623,16,23,2025-03-07 22:41:17
624,16,9,2025-03-05 11:27:12
625,16,36,2025-03-06 16:08:31
626,16,41,2025-03-10 18:05:01
627,16,38,2025-03-07 16:40:44
628,16,12,2025-03-02 13:47:55
629,16,9,2025-03-08 10:14:35
630,16,28,2025-03-02 01:06:44
631,16,33,2025-03-01 19:09:02
632,16,4,2025-03-04 18:05:15
633,16,8,2025-03-05 19:58:21
634,16,34,2025-03-09 16:49:20
635,16,10,2025-03-09 17:23:10
636,16,20,2025-03-06 19:25:17
637,16,11,2025-03-07 09:07:12
638,16,11,2025-03-05 23:39:10
639,16,21,2025-03-10 08:02:08
640,16,15,2025-03-05 23:15:23
641,16,23,2025-03-10 23:48:54
642,16,34,2025-03-07 23:27:07
643,16,19,2025-03-01 21:28:54
644,16,6,2025-03-02 12:30:15
645,17,26,2025-03-04 15:59:29
646,17,9,2025-03-06 20:40:05
647,17,24,2025-03-03 23:19:34
648,17,33,2025-03-10 18:22:57
649,17,36,2025-03-10 19:09:28
650,17,7,2025-03-09 07:31:05
651,17,21,2025-03-05 22:16:59
652,17,16,2025-03-04 14:38:03
653,17,30,2025-03-06 12:06:16
654,17,8,2025-03-01 21:15:18
655,17,18,2025-03-09 08:34:24
656,17,29,2025-03-01 17:27:04
657,17,16,2025-03-02 22:02:40
658,17,10,2025-03-06 08:02:40
659,17,7,2025-03-06 01:03:31
660,17,4,2025-03-06 21:02:55
661,17,19,2025-03-06 15:16:43
662,17,25,2025-03-03 11:25:34
663,17,40,2025-03-05 03:05:18
664,17,27,2025-03-08 08:42:10
665,17,16,2025-03-02 17:50:48
666,17,11,2025-03-04 19:02:47
667,17,21,2025-03-09 17:14:19
668,17,37,2025-03-04 21:00:28
669,17,21,2025-03-09 21:51:05
670,17,13,2025-03-05 04:35:48
671,18,9,2025-03-07 02:52:31
672,18,22,2025-03-06 11:10:31
673,18,31,2025-03-10 06:38:56
674,18,34,2025-03-07 16:09:27
675,18,30,2025-03-04 09:28:29
676,18,10,2025-03-08 13:31:57
677,18,39,2025-03-09 06:10:50
678,18,33,2025-03-08 09:58:46
679,18,9,2025-03-02 10:36:23
680,18,21,2025-03-02 13:28:34
681,18,40,2025-03-02 04:09:38
682,18,21,2025-03-05 18:43:58
683,18,11,2025-03-05 12:42:07
684,18,26,2025-03-10 15:31:51
685,18,40,2025-03-05 02:45:57
686,18,20,2025-03-07 18:28:50
687,18,38,2025-03-05 10:29:27
688,18,22,2025-03-10 03:53:59
689,18,33,2025-03-02 18:01:16
690,18,33,2025-03-03 09:58:48
691,18,35,2025-03-08 07:28:49
692,18,32,2025-03-07 04:17:34
693,18,37,2025-03-05 20:54:45
694,18,20,2025-03-07 01:39:30
695,18,31,2025-03-01 11:43:31
696,18,2,2025-03-01 13:11:45
697,18,24,2025-03-01 11:20:05
698,19,44,2025-03-07 02:09:56
699,19,42,2025-03-10 09:43:38
700,19,45,2025-03-08 10:06:22
701,19,17,2025-03-06 17:21:55
702,19,40,2025-03-09 22:19:42
703,19,31,2025-03-09 19:52:17
704,19,13,2025-03-01 18:08:27
705,19,16,2025-03-09 13:34:19
706,19,18,2025-03-02 16:13:10
707,19,36,2025-03-07 07:04:39
708,19,20,2025-03-03 12:23:34
709,19,15,2025-03-07 19:22:13
710,19,20,2025-03-04 22:40:40
711,19,19,2025-03-09 00:53:16
712,19,14,2025-03-06 19:20:09
713,19,45,2025-03-07 09:03:23
714,19,32,2025-03-05 13:45:30
715,19,21,2025-03-04 19:23:14
716,19,31,2025-03-03 02:26:35
717,19,23,2025-03-06 13:53:13
718,19,36,2025-03-07 11:17:05
719,19,18,2025-03-05 03:42:36
720,19,19,2025-03-07 15:06:49
721,19,8,2025-03-05 07:11:37
722,19,37,2025-03-09 04:51:40
723,19,44,2025-03-10 08:51:30
724,19,35,2025-03-09 17:59:05
725,20,32,2025-03-07 16:18:07
726,20,12,2025-03-02 22:00:14
727,20,19,2025-03-05 22:31:14
728,20,3,2025-03-08 22:10:08
729,20,1,2025-03-06 18:33:28
730,20,20,2025-03-06 19:04:02
731,20,37,2025-03-08 21:29:00
732,20,39,2025-03-03 10:05:45
733,20,7,2025-03-10 04:10:31
734,20,22,2025-03-04 11:39:59
735,20,19,2025-03-04 21:32:49
736,20,30,2025-03-04 11:08:00
737,20,42,2025-03-08 20:07:54
738,20,35,2025-03-01 17:13:57
739,20,34,2025-03-10 07:54:27
740,20,32,2025-03-02 02:03:27
741,20,9,2025-03-08 21:59:45
742,20,33,2025-03-07 23:13:43
743,20,30,2025-03-03 19:38:21
744,20,18,2025-03-07 11:52:28
745,20,13,2025-03-09 23:09:29
746,20,8,2025-03-09 18:37:24
747,20,22,2025-03-01 10:51:51
748,20,11,2025-03-03 02:59:29
749,20,30,2025-03-06 01:43:05
750,20,42,2025-03-03 03:12:08
751,20,17,2025-03-01 10:35:06
752,20,12,2025-03-05 19:37:59
753,21,43,2025-03-05 15:43:27
754,21,8,2025-03-03 20:36:02
755,21,30,2025-03-06 10:07:17
756,21,20,2025-03-04 05:46:04
757,21,11,2025-03-05 00:00:38
758,21,26,2025-03-04 15:56:54
759,21,44,2025-03-08 01:39:15
760,21,33,2025-03-07 22:51:46
761,21,20,2025-03-01 03:19:52
762,21,45,2025-03-04 04:10:59
763,21,8,2025-03-08 22:23:57
764,21,41,2025-03-05 08:43:38
765,21,19,2025-03-09 09:47:01
766,21,24,2025-03-03 20:49:42
767,21,40,2025-03-01 18:05:43
768,21,72,2025-03-02 14:25:54
769,21,69,2025-03-07 05:29:40
770,21,70,2025-03-06 01:00:05
771,21,74,2025-03-06 13:03:08
772,21,70,2025-03-07 20:15:04
773,21,70,2025-03-01 16:49:02
774,21,51,2025-03-07 18:45:42
775,21,80,2025-03-06 14:40:39
776,21,54,2025-03-09 03:57:29
777,21,68,2025-03-04 17:45:40
778,21,53,2025-03-01 06:20:28
779,21,57,2025-03-05 19:19:43
780,21,80,2025-03-04 02:06:58
781,21,71,2025-03-01 00:52:42
782,21,79,2025-03-03 15:28:07
783,21,54,2025-03-08 00:26:44
784,21,60,2025-03-01 21:16:18
785,21,46,2025-03-01 13:11:30
786,21,47,2025-03-06 03:24:39
787,21,65,2025-03-05 04:21:05
788,21,75,2025-03-09 12:00:07
789,21,80,2025-03-01 18:34:18
790,21,73,2025-03-07 13:37:32
791,21,80,2025-03-01 17:33:03
792,21,70,2025-03-01 20:06:12
793,21,60,2025-03-06 17:30:03
794,21,61,2025-03-01 09:14:37
795,21,75,2025-03-04 11:37:17
796,21,68,2025-03-05 23:05:29
797,21,55,2025-03-03 04:25:25
798,21,63,2025-03-02 15:26:48
799,21,58,2025-03-08 18:51:28
800,21,5,2025-03-10 22:08:16
801,21,7,2025-03-09 18:48:58
802,21,39,2025-03-10 03:00:32
803,21,3,2025-03-10 01:44:59
804,22,4,2025-03-02 07:57:52
805,22,9,2025-03-01 17:03:51
806,22,33,2025-03-02 15:18:15
807,22,19,2025-03-01 15:49:16
808,22,77,2025-03-01 20:02:10
809,22,49,2025-03-01 04:26:20
810,22,68,2025-03-02 16:32:21
811,22,70,2025-03-02 19:05:02
812,22,79,2025-03-03 05:32:12
813,22,66,2025-03-01 12:45:11
814,22,72,2025-03-02 21:35:01
815,22,72,2025-03-03 01:25:31
816,22,55,2025-03-02 07:06:29
817,22,65,2025-03-02 16:28:33
818,22,20,2025-03-10 11:34:26
819,22,17,2025-03-10 03:12:17
820,22,24,2025-03-05 23:38:18
821,22,33,2025-03-09 04:03:41
822,22,32,2025-03-05 21:16:16
823,22,30,2025-03-07 09:24:38
824,22,7,2025-03-07 00:44:15
825,22,31,2025-03-03 12:53:38
826,22,21,2025-03-05 22:07:16
827,22,14,2025-03-05 15:46:34
828,22,24,2025-03-04 18:35:54
829,22,21,2025-03-09 03:55:24
830,22,27,2025-03-06 07:05:17
831,22,3,2025-03-10 16:28:20
832,22,37,2025-03-05 19:59:47
833,22,15,2025-03-08 03:57:18
834,22,10,2025-03-06 06:08:16
835,22,2,2025-03-10 01:13:57
836,22,17,2025-03-07 06:06:17
837,22,36,2025-03-06 18:52:29
838,22,38,2025-03-07 23:18:12
839,22,38,2025-03-09 00:13:59
840,22,27,2025-03-09 19:51:52
841,22,19,2025-03-07 17:04:10
842,23,32,2025-03-02 06:20:31
843,23,36,2025-03-01 08:56:49
844,23,80,2025-03-01 06:07:31
845,23,77,2025-03-02 02:40:46
846,23,57,2025-03-02 04:56:40
847,23,80,2025-03-01 12:49:21
848,23,49,2025-03-01 06:09:46
849,23,79,2025-03-01 05:05:45
850,23,10,2025-03-08 23:57:46
851,23,16,2025-03-07 07:05:45
852,23,13,2025-03-02 10:44:12
853,23,40,2025-03-02 12:09:24
854,23,34,2025-03-08 17:29:20
855,23,17,2025-03-05 15:18:32
856,23,23,2025-03-08 19:19:48
857,23,18,2025-03-05 18:47:20
858,23,26,2025-03-02 12:16:41
859,23,6,2025-03-08 09:33:57
860,23,24,2025-03-10 18:33:04
861,23,26,2025-03-10 11:36:40
862,23,30,2025-03-07 12:41:54
863,23,37,2025-03-04 11:30:00
864,23,16,2025-03-03 14:27:20
865,23,45,2025-03-03 11:20:18
866,23,15,2025-03-08 16:01:23
867,24,22,2025-03-04 20:44:00
868,24,37,2025-03-01 01:22:35
869,24,7,2025-03-05 06:21:34
870,24,34,2025-03-02 00:57:35
871,24,3,2025-03-01 12:02:32
872,24,15,2025-03-04 00:47:50
873,24,14,2025-03-03 15:11:34
874,24,45,2025-03-04 21:55:18
875,24,50,2025-03-02 21:48:01
876,24,65,2025-03-01 02:16:50
877,24,56,2025-03-02 06:10:11
878,24,61,2025-03-04 13:29:36
879,24,70,2025-03-01 20:59:58
880,24,80,2025-03-05 07:47:47
881,24,67,2025-03-03 10:00:22
882,24,28,2025-03-10 00:45:55
883,24,12,2025-03-07 07:38:25
884,24,44,2025-03-05 12:25:22
885,24,38,2025-03-09 04:27:33
886,24,43,2025-03-06 23:54:52
887,24,25,2025-03-10 02:13:14
888,24,6,2025-03-08 01:43:28
889,24,40,2025-03-08 07:33:27
890,24,19,2025-03-06 17:20:00
891,24,16,2025-03-07 11:55:37
892,24,5,2025-03-08 16:39:01
893,24,6,2025-03-07 14:47:01
894,25,36,2025-03-02 15:17:16
895,25,33,2025-03-01 14:53:19
896,25,27,2025-03-01 19:17:52
897,25,7,2025-03-01 12:42:49
898,25,2,2025-03-02 03:17:28
899,25,6,2025-03-03 14:45:58
900,25,23,2025-03-03 17:22:04
901,25,36,2025-03-04 09:07:01
902,25,56,2025-03-04 09:29:19
903,25,54,2025-03-02 11:21:07
904,25,63,2025-03-04 11:17:52
905,25,65,2025-03-04 03:53:29
906,25,63,2025-03-02 00:41:51
907,25,77,2025-03-03 07:26:54
908,25,42,2025-03-07 08:57:24
909,25,39,2025-03-06 23:42:45
910,25,9,2025-03-10 01:53:55
911,25,20,2025-03-08 17:39:07
912,25,21,2025-03-07 06:39:19
913,25,39,2025-03-09 20:25:55
914,25,45,2025-03-10 04:53:48
915,25,13,2025-03-06 23:19:22
916,25,31,2025-03-07 15:26:31
917,25,21,2025-03-07 00:04:46
918,25,12,2025-03-07 14:02:34
919,25,26,2025-03-09 22:05:32
920,26,27,2025-03-04 14:14:58
921,26,44,2025-03-04 07:27:47
922,26,32,2025-03-02 02:12:14
923,26,9,2025-03-04 08:06:51
924,26,41,2025-03-01 03:55:12
925,26,20,2025-03-03 19:13:43
926,26,16,2025-03-02 06:31:57
927,26,17,2025-03-03 15:51:17
928,26,43,2025-03-02 18:25:42
929,26,10,2025-03-01 10:04:20
930,26,60,2025-03-01 12:22:36
931,26,78,2025-03-01 15:55:42
932,26,79,2025-03-02 12:09:05
933,26,60,2025-03-03 03:42:07
934,26,74,2025-03-02 00:13:30
935,26,69,2025-03-01 06:27:05
936,26,71,2025-03-04 10:01:30
937,26,75,2025-03-03 10:11:55
938,26,78,2025-03-03 00:17:33
939,26,55,2025-03-03 14:41:23
940,26,68,2025-03-01 15:25:46
941,26,47,2025-03-01 01:32:11
942,26,76,2025-03-01 14:21:39
943,26,52,2025-03-02 13:40:54
944,26,41,2025-03-06 02:32:09
945,26,12,2025-03-04 23:35:36
946,26,12,2025-03-08 20:56:37
947,26,41,2025-03-06 00:52:09
948,26,43,2025-03-06 16:53:11
949,26,28,2025-03-07 16:03:35
950,26,26,2025-03-10 23:18:32
951,26,2,2025-03-06 19:49:41
952,26,40,2025-03-06 15:39:28
953,26,13,2025-03-08 17:25:21
954,26,29,2025-03-09 21:12:14
955,26,38,2025-03-10 07:35:52
956,26,28,2025-03-07 12:32:52
957,26,25,2025-03-09 14:59:37
958,27,5,2025-03-01 20:16:07
959,27,71,2025-03-02 11:38:36
960,27,53,2025-03-02 14:25:38
961,27,68,2025-03-02 22:32:19
962,27,68,2025-03-01 22:49:18
963,27,75,2025-03-02 19:28:13
964,27,57,2025-03-02 04:18:00
965,27,9,2025-03-10 05:10:00
966,27,13,2025-03-05 19:06:06
967,27,25,2025-03-10 10:16:25
968,27,36,2025-03-05 17:14:48
969,27,33,2025-03-09 15:15:43
970,27,42,2025-03-07 04:46:22
971,27,32,2025-03-05 09:30:28
972,27,27,2025-03-05 23:08:24
973,27,44,2025-03-07 12:16:18
974,27,32,2025-03-09 04:00:25
975,27,27,2025-03-04 08:15:32
976,27,29,2025-03-08 01:13:16
977,27,32,2025-03-03 19:26:05
978,27,11,2025-03-09 13:47:46
979,28,19,2025-03-01 16:03:31
980,28,77,2025-03-02 09:18:05
981,28,78,2025-03-02 17:11:22
982,28,37,2025-03-10 09:05:56
983,28,18,2025-03-07 11:58:57
984,28,33,2025-03-10 15:36:19
985,28,44,2025-03-10 22:09:42
986,28,7,2025-03-08 10:33:59
987,28,9,2025-03-05 06:11:58
988,28,27,2025-03-10 17:19:15
989,28,4,2025-03-04 22:24:32
990,28,18,2025-03-05 18:02:10
991,28,42,2025-03-05 18:07:49
992,28,9,2025-03-03 23:08:35
993,28,45,2025-03-10 03:54:00
994,28,9,2025-03-07 12:02:10
995,28,16,2025-03-09 16:53:30
996,28,10,2025-03-06 15:43:33
997,28,21,2025-03-10 11:42:04
998,28,16,2025-03-09 18:46:53
999,28,44,2025-03-05 06:53:50
1000,28,26,2025-03-07 04:07:29
1001,28,32,2025-03-06 19:05:23
1002,28,10,2025-03-06 18:07:41
1003,29,22,2025-03-05 08:20:24
1004,29,44,2025-03-01 18:26:48
1005,29,4,2025-03-07 11:39:45
1006,29,3,2025-03-05 19:50:36
1007,29,7,2025-03-03 15:26:52
1008,29,41,2025-03-06 05:08:34
1009,29,30,2025-03-03 13:42:23
1010,29,2,2025-03-07 00:05:47
1011,29,8,2025-03-04 06:13:02
1012,29,11,2025-03-04 22:02:29
1013,29,29,2025-03-04 10:36:09
1014,29,30,2025-03-05 02:22:42
1015,29,1,2025-03-07 15:24:57
1016,29,28,2025-03-08 00:20:08
1017,29,13,2025-03-02 14:02:18
1018,29,45,2025-03-07 20:54:04
1019,29,9,2025-03-06 21:21:54
1020,29,51,2025-03-01 22:42:05
1021,29,52,2025-03-02 14:39:06
1022,29,52,2025-03-08 04:55:19
1023,29,66,2025-03-03 17:52:59
1024,29,69,2025-03-07 07:17:57
1025,29,65,2025-03-06 09:38:07
1026,29,54,2025-03-01 02:42:19
1027,29,70,2025-03-01 02:20:55
1028,29,54,2025-03-05 04:04:24
1029,29,55,2025-03-02 11:07:32
1030,29,50,2025-03-06 03:00:29
1031,29,79,2025-03-02 14:29:56
1032,29,46,2025-03-06 19:08:26
1033,29,56,2025-03-01 20:37:49
1034,29,74,2025-03-03 18:41:09
1035,29,68,2025-03-05 15:34:38
1036,29,25,2025-03-08 22:09:55
1037,29,23,2025-03-09 01:02:42
1038,29,28,2025-03-10 21:38:28
1039,29,21,2025-03-08 23:49:03
1040,29,9,2025-03-10 09:46:52
1041,29,16,2025-03-10 20:00:26
1042,30,34,2025-03-01 01:57:12
1043,30,39,2025-03-02 23:56:38
1044,30,33,2025-03-01 21:57:56
1045,30,13,2025-03-01 14:57:37
1046,30,50,2025-03-01 08:12:36
1047,30,79,2025-03-01 17:33:19
1048,30,46,2025-03-02 12:22:43
1049,30,69,2025-03-02 22:27:50
1050,30,66,2025-03-02 19:14:56
1051,30,18,2025-03-09 04:53:01
1052,30,6,2025-03-06 12:46:06
1053,30,20,2025-03-10 16:24:26
1054,30,6,2025-03-09 03:15:49
1055,30,33,2025-03-08 02:19:34
1056,30,14,2025-03-08 04:41:52
1057,30,10,2025-03-07 22:29:40
1058,30,35,2025-03-04 01:19:53
1059,30,21,2025-03-10 19:53:34
1060,30,26,2025-03-09 13:36:30
1061,30,38,2025-03-09 13:55:34
1062,30,41,2025-03-10 12:45:34
1063,30,42,2025-03-04 21:47:39
1064,31,24,2025-03-02 12:58:17
1065,31,11,2025-03-04 06:17:00
1066,31,17,2025-03-02 10:23:12
1067,31,7,2025-03-01 08:33:03
1068,31,37,2025-03-05 01:34:45
1069,31,44,2025-03-06 05:03:00
1070,31,8,2025-03-04 07:13:13
1071,31,15,2025-03-07 08:35:01
1072,31,33,2025-03-01 18:36:15
1073,31,1,2025-03-04 04:35:23
1074,31,3,2025-03-07 23:57:44
1075,31,1,2025-03-08 14:46:56
1076,31,16,2025-03-01 22:26:54
1077,31,3,2025-03-07 00:30:49
1078,31,31,2025-03-06 12:35:10
1079,31,24,2025-03-07 04:46:34
1080,31,25,2025-03-05 08:53:38
1081,31,10,2025-03-01 16:08:53
1082,31,12,2025-03-07 01:31:20
1083,31,3,2025-03-07 21:07:04
1084,31,36,2025-03-03 00:36:28
1085,31,12,2025-03-09 09:39:54
1086,31,15,2025-03-10 21:36:41
1087,31,34,2025-03-10 07:08:26
1088,31,3,2025-03-09 12:41:17
1089,31,26,2025-03-10 16:33:04
1090,31,5,2025-03-09 07:49:44
1091,31,61,2025-03-10 06:51:26
1092,31,75,2025-03-09 18:36:21
1093,31,69,2025-03-10 01:13:36
1094,31,77,2025-03-10 21:02:55
1095,31,58,2025-03-10 02:07:25
1096,32,34,2025-03-04 17:34:09
1097,32,27,2025-03-02 06:16:39
1098,32,45,2025-03-03 11:46:02
1099,32,24,2025-03-03 21:22:17
1100,32,30,2025-03-06 02:16:49
1101,32,6,2025-03-06 23:18:50
1102,32,38,2025-03-01 17:26:45
1103,32,7,2025-03-02 17:28:10
1104,32,33,2025-03-04 09:30:19
1105,32,9,2025-03-02 03:05:46
1106,32,41,2025-03-01 12:47:13
1107,32,26,2025-03-03 19:25:17
1108,32,29,2025-03-08 18:30:01
1109,32,30,2025-03-08 12:54:57
1110,32,21,2025-03-07 13:46:15
1111,32,27,2025-03-08 08:24:57
1112,32,8,2025-03-07 22:42:59
1113,32,35,2025-03-10 16:02:53
1114,32,23,2025-03-07 18:45:51
1115,32,14,2025-03-08 01:31:37
1116,32,29,2025-03-07 18:16:53
1117,32,20,2025-03-08 02:49:57
1118,32,61,2025-03-09 06:42:09
1119,32,52,2025-03-09 12:36:04
1120,32,75,2025-03-10 05:40:18
1121,32,52,2025-03-07 10:01:22
1122,32,54,2025-03-08 22:24:56
1123,32,53,2025-03-08 16:47:00
1124,32,46,2025-03-08 04:12:54
1125,32,49,2025-03-07 07:25:13
1126,32,60,2025-03-09 13:47:15
1127,32,54,2025-03-09 20:45:01
1128,33,2,2025-03-01 21:20:24
1129,33,5,2025-03-01 09:25:25
1130,33,13,2025-03-02 05:35:29
1131,33,42,2025-03-01 02:43:49
1132,33,9,2025-03-04 04:32:58
1133,33,27,2025-03-02 19:20:59
1134,33,13,2025-03-09 20:07:44
1135,33,42,2025-03-09 21:36:20
1136,33,34,2025-03-09 20:57:54
1137,33,16,2025-03-05 08:50:51
1138,33,41,2025-03-10 05:47:27
1139,33,35,2025-03-05 23:12:47
1140,33,2,2025-03-08 10:34:12
1141,33,25,2025-03-07 09:15:32
1142,33,23,2025-03-09 01:39:25
1143,33,31,2025-03-08 04:47:07
1144,33,35,2025-03-03 03:01:08
1145,33,32,2025-03-03 10:48:29
1146,33,23,2025-03-05 18:44:53
1147,33,37,2025-03-07 00:49:07
1148,33,79,2025-03-09 13:50:28
1149,33,76,2025-03-06 05:52:58
1150,33,46,2025-03-10 20:27:21
1151,33,67,2025-03-06 17:45:38
1152,33,58,2025-03-09 13:33:45
1153,33,54,2025-03-02 17:28:23
1154,33,67,2025-03-10 22:09:10
1155,33,57,2025-03-10 21:18:38
1156,33,66,2025-03-06 15:41:32
1157,33,49,2025-03-09 06:35:52
1158,33,47,2025-03-09 05:25:11
1159,33,55,2025-03-04 02:38:52
1160,33,55,2025-03-09 05:16:29
1161,33,53,2025-03-04 16:05:04
1162,33,79,2025-03-08 08:37:44
1163,33,69,2025-03-08 23:09:45
1164,33,50,2025-03-06 03:16:32
1165,33,69,2025-03-04 12:23:31
1166,33,71,2025-03-08 08:06:26
1167,33,52,2025-03-02 20:18:54
1168,33,67,2025-03-03 11:32:48
1169,33,65,2025-03-03 01:37:03
1170,33,66,2025-03-05 05:00:50
1171,33,54,2025-03-09 16:30:16
1172,33,56,2025-03-05 00:59:24
1173,33,73,2025-03-02 15:03:43
1174,34,9,2025-03-01 21:26:35
1175,34,12,2025-03-02 05:39:13
1176,34,1,2025-03-01 06:23:04
1177,34,45,2025-03-01 13:46:36
1178,34,37,2025-03-01 11:10:16
1179,34,26,2025-03-02 02:43:27
1180,34,37,2025-03-02 01:04:03
1181,34,3,2025-03-01 10:43:23
1182,34,31,2025-03-10 18:34:52
1183,34,37,2025-03-03 04:25:32
1184,34,42,2025-03-06 14:45:51
1185,34,44,2025-03-05 11:26:10
1186,34,15,2025-03-03 16:08:47
1187,34,11,2025-03-02 09:03:08
1188,34,29,2025-03-02 22:42:11
1189,34,5,2025-03-07 01:05:29
1190,34,3,2025-03-07 16:19:12
1191,34,19,2025-03-07 10:54:43
1192,34,2,2025-03-04 09:07:43
1193,34,21,2025-03-07 09:16:15
1194,34,17,2025-03-08 08:17:58
1195,34,7,2025-03-06 22:59:13
1196,34,5,2025-03-06 14:58:57
1197,34,22,2025-03-08 23:43:12
1198,34,11,2025-03-06 22:00:25
1199,34,25,2025-03-03 14:13:20
1200,34,62,2025-03-03 00:33:17
1201,34,51,2025-03-06 17:46:41
1202,34,80,2025-03-02 09:47:25
1203,34,70,2025-03-07 13:13:42
1204,34,57,2025-03-03 10:12:09
1205,34,69,2025-03-05 22:28:22
1206,34,70,2025-03-10 09:30:23
1207,34,69,2025-03-09 22:45:00
1208,34,57,2025-03-09 15:30:16
1209,34,74,2025-03-08 04:35:05
1210,34,48,2025-03-04 18:50:19
1211,34,62,2025-03-03 12:55:43
1212,34,74,2025-03-02 16:10:30
1213,34,75,2025-03-04 20:57:30
1214,34,62,2025-03-04 10:26:15
1215,34,60,2025-03-10 02:33:56
1216,34,63,2025-03-05 21:40:31
1217,34,49,2025-03-03 08:32:41
1218,34,55,2025-03-08 02:36:59
1219,34,52,2025-03-03 18:19:24
1220,34,51,2025-03-06 02:29:36
1221,34,68,2025-03-07 04:26:59
1222,34,80,2025-03-08 01:51:06
1223,34,72,2025-03-08 07:08:20
1224,35,11,2025-03-01 02:31:44
1225,35,14,2025-03-02 12:33:43
1226,35,13,2025-03-02 17:35:42
1227,35,9,2025-03-02 13:38:01
1228,35,3,2025-03-02 17:36:52
1229,35,28,2025-03-03 01:20:12
1230,35,6,2025-03-02 21:10:01
1231,35,44,2025-03-01 10:44:13
1232,35,28,2025-03-01 08:45:32
1233,35,13,2025-03-02 08:41:54
1234,35,41,2025-03-01 12:35:20
1235,35,10,2025-03-04 08:28:38
1236,35,40,2025-03-04 10:03:33
1237,35,39,2025-03-09 23:11:03
1238,35,44,2025-03-04 08:42:23
1239,35,45,2025-03-06 14:37:17
1240,35,26,2025-03-09 15:18:19
1241,35,3,2025-03-07 07:26:59
1242,35,26,2025-03-08 02:58:16
1243,35,22,2025-03-06 08:13:34
1244,35,45,2025-03-07 18:51:37
1245,35,16,2025-03-09 00:43:39
1246,35,4,2025-03-10 01:54:16
1247,35,31,2025-03-10 12:39:50
1248,35,18,2025-03-08 21:04:32
1249,35,24,2025-03-03 14:12:12
1250,35,2,2025-03-05 05:26:51
1251,35,22,2025-03-06 11:30:39
1252,35,20,2025-03-08 00:39:55
1253,35,53,2025-03-09 06:54:20
1254,35,47,2025-03-08 00:47:06
1255,35,61,2025-03-04 18:48:06
1256,35,69,2025-03-09 12:00:00
1257,35,77,2025-03-10 00:55:43
1258,35,74,2025-03-03 11:43:21
1259,35,57,2025-03-05 05:53:43
1260,35,76,2025-03-05 11:26:14
1261,35,68,2025-03-05 13:45:24
1262,35,68,2025-03-03 20:04:33
1263,35,56,2025-03-06 03:57:36
1264,35,62,2025-03-03 12:55:24
1265,35,51,2025-03-08 16:14:28
1266,35,64,2025-03-03 18:01:02
1267,35,47,2025-03-07 12:15:27
1268,35,70,2025-03-05 13:17:08
1269,35,49,2025-03-06 11:05:33
1270,35,56,2025-03-07 14:34:51
1271,35,59,2025-03-08 18:30:15
1272,35,60,2025-03-09 06:25:10
1273,35,60,2025-03-07 22:54:31
1274,36,39,2025-03-01 19:16:11
1275,36,20,2025-03-02 01:13:28
1276,36,42,2025-03-04 15:32:52
1277,36,18,2025-03-01 01:13:58
1278,36,28,2025-03-02 08:35:20
1279,36,25,2025-03-02 12:45:26
1280,36,26,2025-03-08 14:23:09
1281,36,25,2025-03-08 00:19:53
1282,36,3,2025-03-07 19:44:51
1283,36,38,2025-03-08 06:42:44
1284,36,37,2025-03-06 22:32:48
1285,36,13,2025-03-06 11:21:11
1286,36,22,2025-03-10 22:21:20
1287,36,15,2025-03-07 13:40:33
1288,36,44,2025-03-05 08:13:11
1289,36,35,2025-03-09 13:23:06
1290,36,41,2025-03-08 12:46:08
1291,36,31,2025-03-06 08:26:25
1292,36,43,2025-03-04 23:05:50
1293,36,23,2025-03-10 16:33:12
1294,36,33,2025-03-08 05:47:02
1295,36,20,2025-03-07 19:14:47
1296,36,11,2025-03-09 17:35:56
1297,36,79,2025-03-08 16:11:10
1298,36,65,2025-03-09 03:56:36
1299,36,72,2025-03-07 19:34:35
1300,36,49,2025-03-08 05:19:53
1301,36,55,2025-03-10 06:45:47
1302,36,54,2025-03-06 01:59:21
1303,36,58,2025-03-10 08:44:12
1304,36,67,2025-03-05 07:19:03
1305,36,72,2025-03-05 12:25:34
1306,36,75,2025-03-10 09:13:37
1307,36,55,2025-03-07 00:20:52
1308,36,66,2025-03-10 17:27:27
1309,36,57,2025-03-06 02:34:55
1310,36,51,2025-03-09 06:51:08
1311,37,9,2025-03-02 00:33:18
1312,37,40,2025-03-04 11:55:37
1313,37,28,2025-03-01 23:04:26
1314,37,41,2025-03-03 23:18:00
1315,37,28,2025-03-01 12:49:20
1316,37,38,2025-03-04 20:58:07
1317,37,20,2025-03-07 20:14:32
1318,37,11,2025-03-07 13:40:19
1319,37,5,2025-03-09 00:03:59
1320,37,3,2025-03-08 14:40:15
1321,37,20,2025-03-06 09:19:16
1322,37,19,2025-03-06 01:41:00
1323,37,30,2025-03-09 11:29:04
1324,37,34,2025-03-10 22:22:29
1325,37,79,2025-03-07 22:16:17
1326,37,63,2025-03-05 09:55:10
1327,37,54,2025-03-05 09:44:13
1328,37,72,2025-03-06 03:15:28
1329,37,52,2025-03-05 01:31:03
1330,37,78,2025-03-05 09:49:01
1331,37,53,2025-03-06 05:29:37
1332,37,64,2025-03-09 21:09:43
1333,37,53,2025-03-10 05:11:00
1334,37,52,2025-03-09 10:31:27
1335,37,77,2025-03-06 07:46:01
1336,37,58,2025-03-07 21:22:58
1337,37,58,2025-03-10 13:56:43
1338,37,62,2025-03-06 16:22:08
1339,37,79,2025-03-07 07:37:20
1340,37,58,2025-03-04 22:28:39
1341,37,68,2025-03-08 11:28:26
1342,37,72,2025-03-09 22:21:18
1343,37,64,2025-03-06 01:10:48
1344,38,44,2025-03-02 05:30:11
1345,38,21,2025-03-04 02:32:03
1346,38,28,2025-03-03 19:19:50
1347,38,8,2025-03-06 13:02:19
1348,38,7,2025-03-04 14:13:22
1349,38,3,2025-03-04 04:55:56
1350,38,1,2025-03-06 15:13:51
1351,38,9,2025-03-01 14:35:13
1352,38,43,2025-03-02 05:04:18
1353,38,42,2025-03-03 02:53:09
1354,38,11,2025-03-01 11:29:21
1355,38,22,2025-03-04 12:38:02
1356,38,23,2025-03-05 08:55:13
1357,38,27,2025-03-09 12:26:22
1358,38,42,2025-03-08 22:59:23
1359,38,11,2025-03-10 16:02:59
1360,38,8,2025-03-09 07:16:57
1361,38,9,2025-03-10 05:25:57
1362,38,45,2025-03-10 17:08:22
1363,38,4,2025-03-09 14:01:13
1364,38,79,2025-03-09 14:44:22
1365,38,60,2025-03-08 11:25:09
1366,38,67,2025-03-10 19:49:41
1367,38,79,2025-03-09 09:08:39
1368,38,79,2025-03-09 11:17:07
1369,38,52,2025-03-08 06:32:35
1370,38,73,2025-03-08 07:48:27
1371,38,61,2025-03-08 22:14:44
1372,38,76,2025-03-10 02:53:21
1373,38,68,2025-03-09 02:04:39
1374,38,70,2025-03-08 04:05:44
1375,38,55,2025-03-10 06:30:02
1376,38,49,2025-03-10 18:25:32
1377,38,46,2025-03-10 04:33:38
1378,39,22,2025-03-08 22:18:32
1379,39,24,2025-03-01 05:10:33
1380,39,4,2025-03-02 05:53:50
1381,39,15,2025-03-05 21:30:38
1382,39,30,2025-03-06 00:06:09
1383,39,22,2025-03-01 10:26:13
1384,39,36,2025-03-07 18:16:35
1385,39,40,2025-03-07 15:56:12
1386,39,39,2025-03-01 00:02:58
1387,39,31,2025-03-02 02:28:31
1388,39,43,2025-03-08 07:59:14
1389,39,24,2025-03-08 12:18:58
1390,39,29,2025-03-08 17:41:48
1391,39,8,2025-03-04 16:43:15
1392,39,7,2025-03-07 04:03:51
1393,39,43,2025-03-07 19:47:29
1394,39,15,2025-03-03 12:15:00
1395,39,1,2025-03-08 22:39:54
1396,39,22,2025-03-09 03:34:52
1397,39,23,2025-03-06 12:52:49
1398,39,17,2025-03-09 19:18:15
1399,39,40,2025-03-10 19:12:28
1400,39,13,2025-03-09 17:34:40
1401,39,13,2025-03-10 13:08:55
1402,39,8,2025-03-09 15:08:22
1403,39,78,2025-03-10 13:31:53
1404,39,54,2025-03-09 10:44:12
1405,39,77,2025-03-09 16:19:24
1406,39,46,2025-03-10 16:09:20
1407,39,79,2025-03-10 16:39:24
1408,40,33,2025-03-02 05:40:56
1409,40,25,2025-03-01 04:40:28
1410,40,27,2025-03-01 03:46:14
1411,40,39,2025-03-01 14:06:19
1412,40,45,2025-03-01 23:56:23
1413,40,16,2025-03-01 21:51:55
1414,40,18,2025-03-01 22:04:11
1415,40,26,2025-03-01 11:43:05
1416,40,25,2025-03-07 10:45:29
1417,40,16,2025-03-02 11:26:55
1418,40,33,2025-03-08 15:59:07
1419,40,45,2025-03-03 14:44:27
1420,40,19,2025-03-02 15:05:24
1421,40,45,2025-03-06 22:39:56
1422,40,43,2025-03-04 02:03:31
1423,40,4,2025-03-02 23:11:07
1424,40,25,2025-03-10 10:57:17
1425,40,25,2025-03-03 00:12:59
1426,40,27,2025-03-04 17:57:17
1427,40,44,2025-03-05 13:29:32
1428,40,21,2025-03-04 06:36:17
1429,40,36,2025-03-05 19:12:43
1430,40,4,2025-03-10 14:46:51
1431,40,1,2025-03-05 08:42:37
1432,40,17,2025-03-04 02:22:46
1433,40,13,2025-03-03 01:47:51
1434,40,40,2025-03-10 16:52:46
1435,40,29,2025-03-05 21:41:42
1436,40,15,2025-03-04 19:08:55
1437,40,41,2025-03-08 21:21:25
1438,40,42,2025-03-02 17:08:20
1439,40,24,2025-03-06 16:12:10
1440,40,38,2025-03-07 19:33:24
1441,40,35,2025-03-03 13:34:43
1442,40,39,2025-03-09 19:11:01
1443,40,13,2025-03-10 12:29:25
1444,40,13,2025-03-09 03:23:24
1445,40,19,2025-03-05 01:03:48
1446,40,29,2025-03-10 04:12:58
1447,40,12,2025-03-09 03:12:39
1448,40,66,2025-03-06 05:42:07
1449,40,79,2025-03-09 13:34:59
1450,40,60,2025-03-02 22:32:30
1451,40,57,2025-03-09 21:52:49
1452,40,79,2025-03-09 19:02:17
1453,40,50,2025-03-10 08:31:07
1454,40,78,2025-03-05 23:26:48
1455,40,56,2025-03-08 06:36:44
1456,40,72,2025-03-09 06:32:00
1457,40,80,2025-03-08 23:58:29
1458,40,80,2025-03-06 16:01:44
1459,40,71,2025-03-03 04:57:26
1460,40,51,2025-03-10 21:51:22
1461,41,41,2025-03-04 02:44:15
1462,41,5,2025-03-07 13:21:20
1463,41,14,2025-03-04 10:22:48
1464,41,43,2025-03-01 07:11:46
1465,41,41,2025-03-07 06:32:56
1466,41,14,2025-03-05 13:12:53
1467,41,44,2025-03-07 05:48:13
1468,41,28,2025-03-07 04:10:48
1469,41,7,2025-03-06 09:46:41
1470,41,14,2025-03-06 21:47:32
1471,41,35,2025-03-01 12:46:22
1472,41,45,2025-03-04 14:20:34
1473,41,28,2025-03-03 08:04:24
1474,41,42,2025-03-04 21:17:53
1475,41,5,2025-03-07 05:40:58
1476,41,44,2025-03-01 23:59:06
1477,41,10,2025-03-02 03:56:58
1478,41,2,2025-03-03 00:45:27
1479,41,30,2025-03-07 12:41:48
1480,41,22,2025-03-07 11:18:27
1481,41,3,2025-03-01 02:08:07
1482,41,17,2025-03-10 00:23:28
1483,41,71,2025-03-09 09:36:09
1484,41,73,2025-03-09 11:53:58
1485,41,66,2025-03-09 18:25:12
1486,42,23,2025-03-07 14:57:14
1487,42,14,2025-03-04 13:55:08
1488,42,27,2025-03-02 17:57:55
1489,42,42,2025-03-04 14:48:55
1490,42,33,2025-03-05 12:40:56
1491,42,10,2025-03-01 03:14:52
1492,42,11,2025-03-07 17:13:33
1493,42,12,2025-03-07 17:40:33
1494,42,15,2025-03-02 17:10:42
1495,42,40,2025-03-02 11:53:42
1496,42,17,2025-03-01 12:10:03
1497,42,13,2025-03-01 01:27:55
1498,42,8,2025-03-07 22:48:59
1499,42,12,2025-03-08 05:47:18
1500,42,43,2025-03-05 18:47:05
1501,42,37,2025-03-07 12:27:25
1502,42,4,2025-03-07 15:28:43
1503,42,36,2025-03-02 00:47:42
1504,42,30,2025-03-04 16:44:52
1505,42,42,2025-03-03 13:10:57
1506,42,38,2025-03-08 21:52:36
1507,42,32,2025-03-09 05:06:04
1508,42,74,2025-03-08 19:48:32
1509,42,67,2025-03-09 04:48:57
1510,42,65,2025-03-09 13:51:58
1511,42,55,2025-03-10 02:06:18
1512,42,1,2025-03-10 13:47:49
1513,42,21,2025-03-10 09:04:11
1514,43,5,2025-03-04 08:20:35
1515,43,2,2025-03-01 15:51:00
1516,43,33,2025-03-02 01:35:55
1517,43,41,2025-03-01 11:56:18
1518,43,2,2025-03-02 16:52:04
1519,43,38,2025-03-01 20:23:22
1520,43,38,2025-03-04 06:26:31
1521,43,26,2025-03-02 04:36:27
1522,43,38,2025-03-02 14:20:11
1523,43,14,2025-03-01 11:08:09
1524,43,23,2025-03-07 17:20:29
1525,43,3,2025-03-04 17:45:02
1526,43,15,2025-03-06 02:59:51
1527,43,32,2025-03-05 16:21:38
1528,43,15,2025-03-07 19:05:04
1529,43,5,2025-03-05 12:39:03
1530,43,17,2025-03-07 09:11:37
1531,43,24,2025-03-05 15:23:47
1532,43,15,2025-03-05 18:17:52
1533,43,3,2025-03-08 02:41:23
1534,43,43,2025-03-08 02:36:37
1535,43,14,2025-03-05 13:29:59
1536,43,34,2025-03-07 14:37:24
1537,43,60,2025-03-07 23:29:05
1538,43,79,2025-03-08 03:14:37
1539,43,71,2025-03-05 17:31:36
1540,43,68,2025-03-06 23:03:47
1541,43,68,2025-03-06 23:20:01
1542,43,77,2025-03-06 21:24:29
1543,43,76,2025-03-08 05:47:41
1544,43,46,2025-03-05 03:32:38
1545,43,78,2025-03-07 19:27:09
1546,43,54,2025-03-06 04:50:52
1547,43,74,2025-03-06 23:00:53
1548,43,39,2025-03-08 23:14:19
1549,43,8,2025-03-08 21:05:13
1550,43,43,2025-03-09 12:00:17
1551,44,3,2025-03-01 06:17:01
1552,44,37,2025-03-01 18:37:29
1553,44,10,2025-03-04 11:31:13
1554,44,4,2025-03-04 14:16:01
1555,44,11,2025-03-01 23:27:59
1556,44,17,2025-03-01 19:37:15
1557,44,12,2025-03-04 19:41:01
1558,44,34,2025-03-04 02:39:33
1559,44,14,2025-03-06 09:07:21
1560,44,29,2025-03-05 19:20:57
1561,44,39,2025-03-05 12:09:04
1562,44,78,2025-03-06 06:14:33
1563,44,62,2025-03-05 15:39:04
1564,44,56,2025-03-06 07:43:10
1565,44,67,2025-03-06 09:02:46
1566,44,12,2025-03-09 11:25:41
1567,44,31,2025-03-10 13:38:37
1568,44,40,2025-03-08 23:06:45
1569,44,39,2025-03-07 07:45:25
1570,44,3,2025-03-10 02:09:34
1571,44,35,2025-03-07 00:00:00
1572,45,15,2025-03-02 14:00:51
1573,45,31,2025-03-02 06:38:00
1574,45,25,2025-03-02 02:58:13
1575,45,23,2025-03-03 15:42:10
1576,45,38,2025-03-01 03:09:48
1577,45,45,2025-03-03 02:48:03
1578,45,37,2025-03-02 14:34:49
1579,45,7,2025-03-02 07:14:09
1580,45,25,2025-03-08 10:48:19
1581,45,42,2025-03-08 17:28:19
1582,45,14,2025-03-03 23:32:24
1583,45,45,2025-03-07 10:40:46
1584,45,21,2025-03-07 02:36:16
1585,45,27,2025-03-04 15:39:51
1586,45,24,2025-03-07 02:11:59
1587,45,7,2025-03-03 23:33:06
1588,45,52,2025-03-06 00:39:16
1589,45,59,2025-03-08 15:15:15
1590,45,78,2025-03-08 05:14:57
1591,45,71,2025-03-06 08:29:09
1592,45,67,2025-03-08 09:39:36
1593,45,49,2025-03-04 18:36:42
1594,45,56,2025-03-09 03:01:20
1595,45,70,2025-03-07 22:31:09
1596,45,46,2025-03-04 15:50:50
1597,45,51,2025-03-08 11:24:45
1598,45,55,2025-03-05 07:58:01
1599,45,76,2025-03-06 15:32:39
1600,45,73,2025-03-08 16:33:09
1601,45,51,2025-03-08 04:20:55
1602,45,50,2025-03-04 22:04:02
1603,45,1,2025-03-10 01:02:17
1604,45,13,2025-03-10 23:41:04
1605,45,43,2025-03-09 08:21:44
1606,45,34,2025-03-09 16:56:27
1607,45,19,2025-03-10 16:10:36
1608,45,13,2025-03-10 12:08:34
1609,46,38,2025-03-02 21:51:33
1610,46,13,2025-03-02 01:17:42
1611,46,34,2025-03-04 08:22:21
1612,46,1,2025-03-05 20:20:37
1613,46,5,2025-03-05 06:51:22
1614,46,6,2025-03-05 19:05:38
1615,46,36,2025-03-05 22:05:47
1616,46,7,2025-03-08 08:30:38
1617,46,36,2025-03-08 20:57:32
1618,46,5,2025-03-07 03:26:03
1619,46,33,2025-03-07 22:06:31
1620,46,19,2025-03-07 15:50:28
1621,46,22,2025-03-08 08:44:31
1622,46,8,2025-03-08 15:57:31
1623,46,61,2025-03-07 11:33:43
1624,46,64,2025-03-07 21:52:09
1625,46,51,2025-03-07 08:00:52
1626,46,71,2025-03-08 06:57:39
1627,46,67,2025-03-09 01:14:14
1628,46,50,2025-03-07 19:08:35
1629,46,57,2025-03-07 19:50:18
1630,46,76,2025-03-08 02:05:10
1631,46,66,2025-03-08 09:07:38
1632,46,68,2025-03-08 04:48:26
1633,46,59,2025-03-08 16:42:22
1634,46,63,2025-03-08 18:06:01
1635,46,57,2025-03-07 03:48:12
1636,46,58,2025-03-07 22:16:19
1637,46,6,2025-03-09 22:03:14
1638,46,44,2025-03-10 05:47:48
1639,46,43,2025-03-09 15:13:51
1640,46,32,2025-03-09 11:38:25
1641,46,40,2025-03-09 12:36:03
1642,47,35,2025-03-04 02:26:22
1643,47,3,2025-03-02 16:49:01
1644,47,33,2025-03-03 09:56:44
1645,47,23,2025-03-02 08:20:41
1646,47,26,2025-03-04 11:58:59
1647,47,44,2025-03-01 18:40:38
1648,47,12,2025-03-01 07:53:10
1649,47,30,2025-03-04 04:33:57
1650,47,8,2025-03-03 13:37:47
1651,47,45,2025-03-03 21:39:38
1652,47,38,2025-03-06 00:16:57
1653,47,7,2025-03-06 12:33:54
1654,47,57,2025-03-06 19:15:30
1655,47,77,2025-03-07 05:34:46
1656,47,73,2025-03-06 09:55:10
1657,47,59,2025-03-06 11:34:54
1658,47,45,2025-03-07 08:59:53
1659,47,11,2025-03-08 09:17:59
1660,47,4,2025-03-09 20:58:04
1661,47,14,2025-03-10 08:20:19
1662,47,17,2025-03-08 03:09:47
1663,47,31,2025-03-10 10:52:26
1664,47,41,2025-03-10 13:20:46
1665,47,7,2025-03-09 05:33:38
1666,47,29,2025-03-10 06:26:55
1667,47,22,2025-03-09 03:16:30
1668,47,17,2025-03-08 20:07:48
1669,47,24,2025-03-10 17:26:48
1670,47,24,2025-03-10 18:16:34
1671,47,36,2025-03-07 14:31:39
1672,47,36,2025-03-09 17:36:03
1673,47,17,2025-03-07 21:59:37
1674,48,6,2025-03-03 17:05:21
1675,48,11,2025-03-01 11:25:09
1676,48,22,2025-03-03 07:29:51
1677,48,15,2025-03-02 17:43:41
1678,48,21,2025-03-03 19:32:20
1679,48,21,2025-03-01 21:05:43
1680,48,42,2025-03-02 00:24:18
1681,48,19,2025-03-03 01:08:09
1682,48,18,2025-03-03 13:25:54
1683,48,39,2025-03-04 11:15:03
1684,48,42,2025-03-03 10:56:58
1685,48,26,2025-03-01 10:23:25
1686,48,6,2025-03-05 15:01:22
1687,48,7,2025-03-07 00:32:19
1688,48,17,2025-03-05 05:42:59
1689,48,40,2025-03-05 04:37:50
1690,48,10,2025-03-05 00:00:18
1691,48,6,2025-03-09 22:41:00
1692,48,42,2025-03-07 11:37:38
1693,48,25,2025-03-07 22:35:10
1694,48,20,2025-03-04 22:33:13
1695,48,15,2025-03-04 18:33:15
1696,48,16,2025-03-09 06:59:24
1697,48,19,2025-03-07 00:32:01
1698,48,29,2025-03-07 19:01:30
1699,48,68,2025-03-08 05:44:39
1700,48,76,2025-03-07 09:12:13
1701,48,80,2025-03-08 10:37:03
1702,48,60,2025-03-09 03:46:58
1703,48,51,2025-03-08 11:19:02
1704,48,74,2025-03-09 22:28:47
1705,48,65,2025-03-08 00:51:03
1706,48,69,2025-03-07 06:03:46
1707,48,72,2025-03-07 18:56:56
1708,48,62,2025-03-08 11:53:25
1709,48,55,2025-03-08 11:51:09
1710,48,65,2025-03-07 20:27:09
1711,48,46,2025-03-06 11:48:44
1712,48,46,2025-03-10 03:05:10
1713,48,35,2025-03-10 11:07:36
1714,48,1,2025-03-10 14:26:52
1715,49,13,2025-03-04 19:04:10
1716,49,5,2025-03-02 10:53:20
1717,49,12,2025-03-04 03:14:13
1718,49,9,2025-03-05 15:20:39
1719,49,19,2025-03-05 20:30:09
1720,49,8,2025-03-04 17:18:22
1721,49,41,2025-03-05 21:36:42
1722,49,30,2025-03-05 05:03:37
1723,49,40,2025-03-05 03:42:29
1724,49,29,2025-03-02 15:35:36
1725,49,18,2025-03-02 17:27:33
1726,49,45,2025-03-04 22:26:19
1727,49,40,2025-03-05 12:11:48
1728,49,32,2025-03-04 05:28:12
1729,49,13,2025-03-05 21:47:29
1730,49,21,2025-03-02 15:09:01
1731,49,2,2025-03-03 12:08:01
1732,49,18,2025-03-06 09:29:15
1733,49,9,2025-03-06 22:34:59
1734,49,72,2025-03-07 13:58:53
1735,49,65,2025-03-06 17:51:19
1736,49,77,2025-03-07 02:56:15
1737,49,25,2025-03-10 13:23:44
1738,49,29,2025-03-08 19:22:24
1739,49,16,2025-03-08 20:54:56
1740,49,3,2025-03-09 05:20:45
1741,49,13,2025-03-10 00:29:48
1742,49,30,2025-03-07 18:45:46
1743,49,7,2025-03-08 10:41:14
1744,49,34,2025-03-09 05:10:59
1745,50,20,2025-03-02 16:01:10
1746,50,13,2025-03-02 13:55:58
1747,50,24,2025-03-01 08:53:39
1748,50,4,2025-03-01 18:26:45
1749,50,43,2025-03-02 11:02:32
1750,50,14,2025-03-02 22:29:45
1751,50,7,2025-03-06 03:49:13
1752,50,9,2025-03-03 16:19:32
1753,50,32,2025-03-07 06:54:44
1754,50,15,2025-03-06 21:06:40
1755,50,21,2025-03-05 04:18:02
1756,50,36,2025-03-07 17:38:00
1757,50,42,2025-03-06 22:03:21
1758,50,23,2025-03-03 11:45:36
1759,50,29,2025-03-03 11:43:11
1760,50,13,2025-03-05 06:47:25
1761,50,2,2025-03-07 00:53:14
1762,50,45,2025-03-04 01:25:49
1763,50,25,2025-03-07 09:09:09
1764,50,23,2025-03-06 09:07:35
1765,50,47,2025-03-05 20:27:38
1766,50,69,2025-03-04 22:04:29
1767,50,61,2025-03-08 02:21:03
1768,50,66,2025-03-04 17:22:02
1769,50,50,2025-03-06 09:53:29
1770,50,80,2025-03-05 08:28:44
1771,50,70,2025-03-05 21:08:40
1772,50,58,2025-03-03 03:07:09
1773,50,79,2025-03-07 20:00:56
1774,50,77,2025-03-06 23:56:01
1775,50,55,2025-03-06 04:41:59
1776,50,64,2025-03-05 10:12:59
1777,50,66,2025-03-07 13:51:39
1778,50,72,2025-03-04 06:02:05
1779,50,66,2025-03-08 11:36:02
1780,50,3,2025-03-09 03:07:33
1781,50,13,2025-03-09 06:41:03
